Keyword;Keyword Difficulty Index
pv leads;3
photovoltaik leads;9
photovoltaik leads kaufen;1
pv leads kaufen;1
solar leads;7
solar leads kaufen;0
solar lead generation;16
wärmepumpen leads;0
wärmepumpen leads kaufen;0
leads kaufen;6
leadgenerierung photovoltaik;0
photovoltaik leads generieren;0
leads für photovoltaik;0
photovoltaik leads kaufen kosten;0
hochpreis leadquelle;30
wattfox leads kaufen;0
wattfox leads;0
daa leads;11
wattfox;39
wattfox erfahrungen;19
wattfox gmbh;30
wattfox seriös;0
wattfox kosten;0
wattfox leads erfahrungen;0
aroundhome erfahrungen;19
aroundhome erfahrung;22
aroundhome seriös;22
aroundhome kosten;35
aroundhome kosten für handwerker;0
aroundhome erfahrungen handwerker;0
aroundhome alternative;0
selfmade energy;37
selfmade energy erfahrungen;0
checkfox;22
checkfox erfahrungen;20
checkfox seriös;16
checkfox solar;16
checkfox wärmepumpe;0
photovoltaik angebotsvergleich;30
kunden gewinnen;18
neue kunden gewinnen;17
online kunden gewinnen;10
b2b kunden gewinnen;18
kunden gewinnen handwerk;5
als dienstleister kunden gewinnen;9
photovoltaik marketing;0
photovoltaik vertrieb;19
wärmepumpen vertrieb;8
leadgenerierung;42
leadgenerierung agentur;12
b2b leadgenerierung;18
b2b leadgenerierung agentur;17
leadgenerierung b2b;18
leadgenerierung dienstleister;12
agentur für leadgenerierung;14
automatisierte leadgenerierung;17
leadgenerierung mit ki;0
wordpress agentur hannover;10
wordpress hannover;7
e3 new energy;26
photovoltaik anfragen;0
